{
  "AWSTemplateFormatVersion": "2010-09-09",
  "Description": "The AWS CloudFormation template for this Serverless application",
  "Resources": {
    "ServerlessDeploymentBucket": {
      "Type": "AWS::S3::Bucket",
      "Properties": {
        "BucketEncryption": {
          "ServerSideEncryptionConfiguration": [
            {
              "ServerSideEncryptionByDefault": {
                "SSEAlgorithm": "AES256"
              }
            }
          ]
        }
      }
    },
    "ServerlessDeploymentBucketPolicy": {
      "Type": "AWS::S3::BucketPolicy",
      "Properties": {
        "Bucket": {
          "Ref": "ServerlessDeploymentBucket"
        },
        "PolicyDocument": {
          "Statement": [
            {
              "Action": "s3:*",
              "Effect": "Deny",
              "Principal": "*",
              "Resource": [
                {
                  "Fn::Join": [
                    "",
                    [
                      "arn:",
                      {
                        "Ref": "AWS::Partition"
                      },
                      ":s3:::",
                      {
                        "Ref": "ServerlessDeploymentBucket"
                      },
                      "/*"
                    ]
                  ]
                }
              ],
              "Condition": {
                "Bool": {
                  "aws:SecureTransport": false
                }
              }
            }
          ]
        }
      }
    },
    "SlsepLogGroup": {
      "Type": "AWS::Logs::LogGroup",
      "Properties": {
        "LogGroupName": "/aws/lambda/python-lambda-serverless-dev-slsep"
      }
    },
    "SlsepUnderscorepostLogGroup": {
      "Type": "AWS::Logs::LogGroup",
      "Properties": {
        "LogGroupName": "/aws/lambda/python-lambda-serverless-dev-slsep_post"
      }
    },
    "RfuncLogGroup": {
      "Type": "AWS::Logs::LogGroup",
      "Properties": {
        "LogGroupName": "/aws/lambda/python-lambda-serverless-dev-rfunc"
      }
    },
    "IamRoleLambdaExecution": {
      "Type": "AWS::IAM::Role",
      "Properties": {
        "AssumeRolePolicyDocument": {
          "Version": "2012-10-17",
          "Statement": [
            {
              "Effect": "Allow",
              "Principal": {
                "Service": [
                  "lambda.amazonaws.com"
                ]
              },
              "Action": [
                "sts:AssumeRole"
              ]
            }
          ]
        },
        "Policies": [
          {
            "PolicyName": {
              "Fn::Join": [
                "-",
                [
                  "dev",
                  "python-lambda-serverless",
                  "lambda"
                ]
              ]
            },
            "PolicyDocument": {
              "Version": "2012-10-17",
              "Statement": [
                {
                  "Effect": "Allow",
                  "Action": [
                    "logs:CreateLogStream",
                    "logs:CreateLogGroup"
                  ],
                  "Resource": [
                    {
                      "Fn::Sub": "arn:${AWS::Partition}:logs:${AWS::Region}:${AWS::AccountId}:log-group:/aws/lambda/python-lambda-serverless-dev*:*"
                    }
                  ]
                },
                {
                  "Effect": "Allow",
                  "Action": [
                    "logs:PutLogEvents"
                  ],
                  "Resource": [
                    {
                      "Fn::Sub": "arn:${AWS::Partition}:logs:${AWS::Region}:${AWS::AccountId}:log-group:/aws/lambda/python-lambda-serverless-dev*:*:*"
                    }
                  ]
                }
              ]
            }
          }
        ],
        "Path": "/",
        "RoleName": {
          "Fn::Join": [
            "-",
            [
              "python-lambda-serverless",
              "dev",
              {
                "Ref": "AWS::Region"
              },
              "lambdaRole"
            ]
          ]
        }
      }
    },
    "SlsepLambdaFunction": {
      "Type": "AWS::Lambda::Function",
      "Properties": {
        "Code": {
          "S3Bucket": {
            "Ref": "ServerlessDeploymentBucket"
          },
          "S3Key": "serverless/python-lambda-serverless/dev/1579670220248-2020-01-22T05:17:00.248Z/python-lambda-serverless.zip"
        },
        "FunctionName": "python-lambda-serverless-dev-slsep",
        "Handler": "first.slsep_get",
        "MemorySize": 1024,
        "Role": {
          "Fn::GetAtt": [
            "IamRoleLambdaExecution",
            "Arn"
          ]
        },
        "Runtime": "python3.8",
        "Timeout": 6
      },
      "DependsOn": [
        "SlsepLogGroup",
        "IamRoleLambdaExecution"
      ]
    },
    "SlsepLambdaVersionSE4Kwv3eDYCcmnDyRXOUH0hEKnDS5752vWvnMb0ytb4": {
      "Type": "AWS::Lambda::Version",
      "DeletionPolicy": "Retain",
      "Properties": {
        "FunctionName": {
          "Ref": "SlsepLambdaFunction"
        },
        "CodeSha256": "wcqBYzdE9Ku5/5bC+fNxVoA8jRm6eVp2l05teNhi8zA="
      }
    },
    "SlsepUnderscorepostLambdaFunction": {
      "Type": "AWS::Lambda::Function",
      "Properties": {
        "Code": {
          "S3Bucket": {
            "Ref": "ServerlessDeploymentBucket"
          },
          "S3Key": "serverless/python-lambda-serverless/dev/1579670220248-2020-01-22T05:17:00.248Z/python-lambda-serverless.zip"
        },
        "FunctionName": "python-lambda-serverless-dev-slsep_post",
        "Handler": "first.slsep_post",
        "MemorySize": 1024,
        "Role": {
          "Fn::GetAtt": [
            "IamRoleLambdaExecution",
            "Arn"
          ]
        },
        "Runtime": "python3.8",
        "Timeout": 6
      },
      "DependsOn": [
        "SlsepUnderscorepostLogGroup",
        "IamRoleLambdaExecution"
      ]
    },
    "SlsepUnderscorepostLambdaVersionynvTRCahD9M5zsokXk9vBRBrDWoy1fcXhOhFrI2U": {
      "Type": "AWS::Lambda::Version",
      "DeletionPolicy": "Retain",
      "Properties": {
        "FunctionName": {
          "Ref": "SlsepUnderscorepostLambdaFunction"
        },
        "CodeSha256": "wcqBYzdE9Ku5/5bC+fNxVoA8jRm6eVp2l05teNhi8zA="
      }
    },
    "RfuncLambdaFunction": {
      "Type": "AWS::Lambda::Function",
      "Properties": {
        "Code": {
          "S3Bucket": {
            "Ref": "ServerlessDeploymentBucket"
          },
          "S3Key": "serverless/python-lambda-serverless/dev/1579670220248-2020-01-22T05:17:00.248Z/python-lambda-serverless.zip"
        },
        "FunctionName": "python-lambda-serverless-dev-rfunc",
        "Handler": "redfunc.rfunc",
        "MemorySize": 1024,
        "Role": {
          "Fn::GetAtt": [
            "IamRoleLambdaExecution",
            "Arn"
          ]
        },
        "Runtime": "python3.8",
        "Timeout": 6
      },
      "DependsOn": [
        "RfuncLogGroup",
        "IamRoleLambdaExecution"
      ]
    },
    "RfuncLambdaVersion2uFF3O3oeJJbxdXufqnlOLUSPhB1Tyd7HqJYIBdpIM": {
      "Type": "AWS::Lambda::Version",
      "DeletionPolicy": "Retain",
      "Properties": {
        "FunctionName": {
          "Ref": "RfuncLambdaFunction"
        },
        "CodeSha256": "wcqBYzdE9Ku5/5bC+fNxVoA8jRm6eVp2l05teNhi8zA="
      }
    },
    "ApiGatewayRestApi": {
      "Type": "AWS::ApiGateway::RestApi",
      "Properties": {
        "Name": "dev-python-lambda-serverless",
        "EndpointConfiguration": {
          "Types": [
            "EDGE"
          ]
        },
        "Policy": ""
      }
    },
    "ApiGatewayResourceSlsepget": {
      "Type": "AWS::ApiGateway::Resource",
      "Properties": {
        "ParentId": {
          "Fn::GetAtt": [
            "ApiGatewayRestApi",
            "RootResourceId"
          ]
        },
        "PathPart": "slsep_get",
        "RestApiId": {
          "Ref": "ApiGatewayRestApi"
        }
      }
    },
    "ApiGatewayResourceSlseppost": {
      "Type": "AWS::ApiGateway::Resource",
      "Properties": {
        "ParentId": {
          "Fn::GetAtt": [
            "ApiGatewayRestApi",
            "RootResourceId"
          ]
        },
        "PathPart": "slsep_post",
        "RestApiId": {
          "Ref": "ApiGatewayRestApi"
        }
      }
    },
    "ApiGatewayResourceRfunc": {
      "Type": "AWS::ApiGateway::Resource",
      "Properties": {
        "ParentId": {
          "Fn::GetAtt": [
            "ApiGatewayRestApi",
            "RootResourceId"
          ]
        },
        "PathPart": "rfunc",
        "RestApiId": {
          "Ref": "ApiGatewayRestApi"
        }
      }
    },
    "ApiGatewayMethodSlsepgetGet": {
      "Type": "AWS::ApiGateway::Method",
      "Properties": {
        "HttpMethod": "GET",
        "RequestParameters": {},
        "ResourceId": {
          "Ref": "ApiGatewayResourceSlsepget"
        },
        "RestApiId": {
          "Ref": "ApiGatewayRestApi"
        },
        "ApiKeyRequired": false,
        "AuthorizationType": "NONE",
        "Integration": {
          "IntegrationHttpMethod": "POST",
          "Type": "AWS_PROXY",
          "Uri": {
            "Fn::Join": [
              "",
              [
                "arn:",
                {
                  "Ref": "AWS::Partition"
                },
                ":apigateway:",
                {
                  "Ref": "AWS::Region"
                },
                ":lambda:path/2015-03-31/functions/",
                {
                  "Fn::GetAtt": [
                    "SlsepLambdaFunction",
                    "Arn"
                  ]
                },
                "/invocations"
              ]
            ]
          }
        },
        "MethodResponses": []
      }
    },
    "ApiGatewayMethodSlseppostPost": {
      "Type": "AWS::ApiGateway::Method",
      "Properties": {
        "HttpMethod": "POST",
        "RequestParameters": {},
        "ResourceId": {
          "Ref": "ApiGatewayResourceSlseppost"
        },
        "RestApiId": {
          "Ref": "ApiGatewayRestApi"
        },
        "ApiKeyRequired": false,
        "AuthorizationType": "NONE",
        "Integration": {
          "IntegrationHttpMethod": "POST",
          "Type": "AWS_PROXY",
          "Uri": {
            "Fn::Join": [
              "",
              [
                "arn:",
                {
                  "Ref": "AWS::Partition"
                },
                ":apigateway:",
                {
                  "Ref": "AWS::Region"
                },
                ":lambda:path/2015-03-31/functions/",
                {
                  "Fn::GetAtt": [
                    "SlsepUnderscorepostLambdaFunction",
                    "Arn"
                  ]
                },
                "/invocations"
              ]
            ]
          }
        },
        "MethodResponses": []
      }
    },
    "ApiGatewayMethodRfuncGet": {
      "Type": "AWS::ApiGateway::Method",
      "Properties": {
        "HttpMethod": "GET",
        "RequestParameters": {},
        "ResourceId": {
          "Ref": "ApiGatewayResourceRfunc"
        },
        "RestApiId": {
          "Ref": "ApiGatewayRestApi"
        },
        "ApiKeyRequired": false,
        "AuthorizationType": "NONE",
        "Integration": {
          "IntegrationHttpMethod": "POST",
          "Type": "AWS",
          "Uri": {
            "Fn::Join": [
              "",
              [
                "arn:",
                {
                  "Ref": "AWS::Partition"
                },
                ":apigateway:",
                {
                  "Ref": "AWS::Region"
                },
                ":lambda:path/2015-03-31/functions/",
                {
                  "Fn::GetAtt": [
                    "RfuncLambdaFunction",
                    "Arn"
                  ]
                },
                "/invocations"
              ]
            ]
          },
          "PassthroughBehavior": "NEVER",
          "RequestTemplates": {
            "application/json": "{ \"invals\" : { \"foo\": [ \"$input.params('foo')\" ], \"bar\": [ \"$input.params('bar')\" ], \"baz\": [ \"$input.params('baz')\" ] } }",
            "application/x-www-form-urlencoded": "\n    #define( $body )\n      {\n      #foreach( $token in $input.path('$').split('&') )\n        #set( $keyVal = $token.split('=') )\n        #set( $keyValSize = $keyVal.size() )\n        #if( $keyValSize >= 1 )\n          #set( $key = $util.escapeJavaScript($util.urlDecode($keyVal[0])) )\n          #if( $keyValSize >= 2 )\n            #set($val = $util.escapeJavaScript($util.urlDecode($keyVal[1])).replaceAll(\"\\\\'\",\"'\"))\n          #else\n            #set( $val = '' )\n          #end\n          \"$key\": \"$val\"#if($foreach.hasNext),#end\n        #end\n      #end\n      }\n    #end\n\n    \n  #define( $loop )\n    {\n    #foreach($key in $map.keySet())\n        #set( $k = $util.escapeJavaScript($key) )\n        #set( $v = $util.escapeJavaScript($map.get($key)).replaceAll(\"\\\\'\", \"'\") )\n        \"$k\":\n          \"$v\"\n          #if( $foreach.hasNext ) , #end\n    #end\n    }\n  #end\n\n  {\n    \"body\": $body,\n    \"method\": \"$context.httpMethod\",\n    \"principalId\": \"$context.authorizer.principalId\",\n    \"stage\": \"$context.stage\",\n\n    \"cognitoPoolClaims\" : {\n       \n       \"sub\": \"$context.authorizer.claims.sub\"\n    },\n\n    #set( $map = $context.authorizer )\n    \"enhancedAuthContext\": $loop,\n\n    #set( $map = $input.params().header )\n    \"headers\": $loop,\n\n    #set( $map = $input.params().querystring )\n    \"query\": $loop,\n\n    #set( $map = $input.params().path )\n    \"path\": $loop,\n\n    #set( $map = $context.identity )\n    \"identity\": $loop,\n\n    #set( $map = $stageVariables )\n    \"stageVariables\": $loop,\n\n    \"requestPath\": \"$context.resourcePath\"\n  }\n\n  ",
            "text/xhtml": "{ \"stage\" : \"$context.stage\" }"
          },
          "IntegrationResponses": [
            {
              "StatusCode": 200,
              "SelectionPattern": "",
              "ResponseParameters": {},
              "ResponseTemplates": {
                "application/json": "$input.path('$')"
              }
            },
            {
              "StatusCode": 400,
              "SelectionPattern": "[\\s\\S]*\\[400\\][\\s\\S]*",
              "ResponseParameters": {},
              "ResponseTemplates": {
                "application/json": "$input.path('$')"
              }
            },
            {
              "StatusCode": 401,
              "SelectionPattern": "[\\s\\S]*\\[401\\][\\s\\S]*",
              "ResponseParameters": {},
              "ResponseTemplates": {
                "application/json": "$input.path('$')"
              }
            },
            {
              "StatusCode": 403,
              "SelectionPattern": "[\\s\\S]*\\[403\\][\\s\\S]*",
              "ResponseParameters": {},
              "ResponseTemplates": {
                "application/json": "$input.path('$')"
              }
            },
            {
              "StatusCode": 404,
              "SelectionPattern": "[\\s\\S]*\\[404\\][\\s\\S]*",
              "ResponseParameters": {},
              "ResponseTemplates": {
                "application/json": "$input.path('$')"
              }
            },
            {
              "StatusCode": 422,
              "SelectionPattern": "[\\s\\S]*\\[422\\][\\s\\S]*",
              "ResponseParameters": {},
              "ResponseTemplates": {
                "application/json": "$input.path('$')"
              }
            },
            {
              "StatusCode": 500,
              "SelectionPattern": "[\\s\\S]*(Process\\s?exited\\s?before\\s?completing\\s?request|\\[500\\])[\\s\\S]*",
              "ResponseParameters": {},
              "ResponseTemplates": {
                "application/json": "$input.path('$')"
              }
            },
            {
              "StatusCode": 502,
              "SelectionPattern": "[\\s\\S]*\\[502\\][\\s\\S]*",
              "ResponseParameters": {},
              "ResponseTemplates": {
                "application/json": "$input.path('$')"
              }
            },
            {
              "StatusCode": 504,
              "SelectionPattern": "([\\s\\S]*\\[504\\][\\s\\S]*)|(.*Task timed out after \\d+\\.\\d+ seconds$)",
              "ResponseParameters": {},
              "ResponseTemplates": {
                "application/json": "$input.path('$')"
              }
            }
          ]
        },
        "MethodResponses": [
          {
            "ResponseParameters": {},
            "ResponseModels": {},
            "StatusCode": 200
          },
          {
            "ResponseParameters": {},
            "ResponseModels": {},
            "StatusCode": 400
          },
          {
            "ResponseParameters": {},
            "ResponseModels": {},
            "StatusCode": 401
          },
          {
            "ResponseParameters": {},
            "ResponseModels": {},
            "StatusCode": 403
          },
          {
            "ResponseParameters": {},
            "ResponseModels": {},
            "StatusCode": 404
          },
          {
            "ResponseParameters": {},
            "ResponseModels": {},
            "StatusCode": 422
          },
          {
            "ResponseParameters": {},
            "ResponseModels": {},
            "StatusCode": 500
          },
          {
            "ResponseParameters": {},
            "ResponseModels": {},
            "StatusCode": 502
          },
          {
            "ResponseParameters": {},
            "ResponseModels": {},
            "StatusCode": 504
          }
        ]
      }
    },
    "ApiGatewayDeployment1579670219905": {
      "Type": "AWS::ApiGateway::Deployment",
      "Properties": {
        "RestApiId": {
          "Ref": "ApiGatewayRestApi"
        },
        "StageName": "dev"
      },
      "DependsOn": [
        "ApiGatewayMethodSlsepgetGet",
        "ApiGatewayMethodSlseppostPost",
        "ApiGatewayMethodRfuncGet"
      ]
    },
    "SlsepLambdaPermissionApiGateway": {
      "Type": "AWS::Lambda::Permission",
      "Properties": {
        "FunctionName": {
          "Fn::GetAtt": [
            "SlsepLambdaFunction",
            "Arn"
          ]
        },
        "Action": "lambda:InvokeFunction",
        "Principal": "apigateway.amazonaws.com",
        "SourceArn": {
          "Fn::Join": [
            "",
            [
              "arn:",
              {
                "Ref": "AWS::Partition"
              },
              ":execute-api:",
              {
                "Ref": "AWS::Region"
              },
              ":",
              {
                "Ref": "AWS::AccountId"
              },
              ":",
              {
                "Ref": "ApiGatewayRestApi"
              },
              "/*/*"
            ]
          ]
        }
      }
    },
    "SlsepUnderscorepostLambdaPermissionApiGateway": {
      "Type": "AWS::Lambda::Permission",
      "Properties": {
        "FunctionName": {
          "Fn::GetAtt": [
            "SlsepUnderscorepostLambdaFunction",
            "Arn"
          ]
        },
        "Action": "lambda:InvokeFunction",
        "Principal": "apigateway.amazonaws.com",
        "SourceArn": {
          "Fn::Join": [
            "",
            [
              "arn:",
              {
                "Ref": "AWS::Partition"
              },
              ":execute-api:",
              {
                "Ref": "AWS::Region"
              },
              ":",
              {
                "Ref": "AWS::AccountId"
              },
              ":",
              {
                "Ref": "ApiGatewayRestApi"
              },
              "/*/*"
            ]
          ]
        }
      }
    },
    "RfuncLambdaPermissionApiGateway": {
      "Type": "AWS::Lambda::Permission",
      "Properties": {
        "FunctionName": {
          "Fn::GetAtt": [
            "RfuncLambdaFunction",
            "Arn"
          ]
        },
        "Action": "lambda:InvokeFunction",
        "Principal": "apigateway.amazonaws.com",
        "SourceArn": {
          "Fn::Join": [
            "",
            [
              "arn:",
              {
                "Ref": "AWS::Partition"
              },
              ":execute-api:",
              {
                "Ref": "AWS::Region"
              },
              ":",
              {
                "Ref": "AWS::AccountId"
              },
              ":",
              {
                "Ref": "ApiGatewayRestApi"
              },
              "/*/*"
            ]
          ]
        }
      }
    }
  },
  "Outputs": {
    "ServerlessDeploymentBucketName": {
      "Value": {
        "Ref": "ServerlessDeploymentBucket"
      }
    },
    "SlsepLambdaFunctionQualifiedArn": {
      "Description": "Current Lambda function version",
      "Value": {
        "Ref": "SlsepLambdaVersionSE4Kwv3eDYCcmnDyRXOUH0hEKnDS5752vWvnMb0ytb4"
      }
    },
    "SlsepUnderscorepostLambdaFunctionQualifiedArn": {
      "Description": "Current Lambda function version",
      "Value": {
        "Ref": "SlsepUnderscorepostLambdaVersionynvTRCahD9M5zsokXk9vBRBrDWoy1fcXhOhFrI2U"
      }
    },
    "RfuncLambdaFunctionQualifiedArn": {
      "Description": "Current Lambda function version",
      "Value": {
        "Ref": "RfuncLambdaVersion2uFF3O3oeJJbxdXufqnlOLUSPhB1Tyd7HqJYIBdpIM"
      }
    },
    "ServiceEndpoint": {
      "Description": "URL of the service endpoint",
      "Value": {
        "Fn::Join": [
          "",
          [
            "https://",
            {
              "Ref": "ApiGatewayRestApi"
            },
            ".execute-api.",
            {
              "Ref": "AWS::Region"
            },
            ".",
            {
              "Ref": "AWS::URLSuffix"
            },
            "/dev"
          ]
        ]
      }
    }
  }
}